income_bucket,total_loans,default_rate
<30K,3669,0.47070046334150994
30K–60K,14011,0.2579401898508315
60K–100K,10331,0.13154583293001645
>100K,4570,0.08927789934354485
