lti_bucket,total_loans,default_rate
<10%,9475,0.11503957783641161
10–20%,12221,0.14597823418705508
20–30%,6728,0.21343638525564804
>30%,4157,0.6730815491941304
